hs_no,group,mnemonic_hs,mnemonic_old,description_hs,tcode_hs,lag_months_hs,vintage_flag_hs,construction_type,target_series_id,component_series_ids,raw_formula,pub_lag_mode,pub_lag_months,pub_lag_schedule_json,release_rule,revision_class,strict_source_rule,balanced_source_rule,notes
1,0,RPI,RPI,RPI,5,0,Y,direct_alfred,RPI,[],,fixed,2,,same_month_end,observable_revisions,selected_vintage_asof_decision,strict_asof_then_release_gap_then_pre_vintage_then_proxy,Default direct ALFRED mapping.
2,0,W875RX1,W875RX1,W875RX1,5,0,Y,direct_alfred,W875RX1,[],,fixed,2,,same_month_end,observable_revisions,selected_vintage_asof_decision,strict_asof_then_release_gap_then_pre_vintage_then_proxy,Default direct ALFRED mapping.
3,0,DPCERA3M086SBEA,DPCERA3M086SBEA,DPCERA3M086SBEA,5,0,Y,direct_alfred,DPCERA3M086SBEA,[],,fixed,2,,same_month_end,observable_revisions,selected_vintage_asof_decision,strict_asof_then_release_gap_then_pre_vintage_then_proxy,Default direct ALFRED mapping.
4,0,CMRMTSPLx,CMRMTSPLx,CMRMTSPLx,5,0,Y,direct_alfred,CMRMTSPL,[],,fixed,3,,same_month_end,observable_revisions,selected_vintage_asof_decision,strict_asof_then_release_gap_then_pre_vintage_then_proxy,Alias mapping from series.md
5,0,RETAILx,RETAILx,RETAILx,5,0,Y,direct_alfred,RETAIL,[],,fixed,1,,same_month_end,observable_revisions,selected_vintage_asof_decision,strict_asof_then_release_gap_then_pre_vintage_then_proxy,Alias mapping from series.md
6,0,INDPRO,INDPRO,INDPRO,5,0,Y,direct_alfred,INDPRO,[],,fixed,1,,same_month_end,observable_revisions,selected_vintage_asof_decision,strict_asof_then_release_gap_then_pre_vintage_then_proxy,Default direct ALFRED mapping.
7,0,IPFPNSS,IPFPNSS,IPFPNSS,5,0,Y,direct_alfred,IPFPNSS,[],,fixed,1,,same_month_end,observable_revisions,selected_vintage_asof_decision,strict_asof_then_release_gap_then_pre_vintage_then_proxy,Default direct ALFRED mapping.
8,0,IPFINAL,IPFINAL,IPFINAL,5,0,Y,direct_alfred,IPFINAL,[],,fixed,1,,same_month_end,observable_revisions,selected_vintage_asof_decision,strict_asof_then_release_gap_then_pre_vintage_then_proxy,Default direct ALFRED mapping.
9,0,IPCONGD,IPCONGD,IPCONGD,5,0,Y,direct_alfred,IPCONGD,[],,fixed,1,,same_month_end,observable_revisions,selected_vintage_asof_decision,strict_asof_then_release_gap_then_pre_vintage_then_proxy,Default direct ALFRED mapping.
10,0,IPDCONGD,IPDCONGD,IPDCONGD,5,0,Y,direct_alfred,IPDCONGD,[],,fixed,1,,same_month_end,observable_revisions,selected_vintage_asof_decision,strict_asof_then_release_gap_then_pre_vintage_then_proxy,Default direct ALFRED mapping.
11,0,IPNCONGD,IPNCONGD,IPNCONGD,5,0,Y,direct_alfred,IPNCONGD,[],,fixed,1,,same_month_end,observable_revisions,selected_vintage_asof_decision,strict_asof_then_release_gap_then_pre_vintage_then_proxy,Default direct ALFRED mapping.
12,0,IPBUSEQ,IPBUSEQ,IPBUSEQ,5,0,Y,direct_alfred,IPBUSEQ,[],,fixed,1,,same_month_end,observable_revisions,selected_vintage_asof_decision,strict_asof_then_release_gap_then_pre_vintage_then_proxy,Default direct ALFRED mapping.
13,0,IPMAT,IPMAT,IPMAT,5,0,Y,direct_alfred,IPMAT,[],,fixed,1,,same_month_end,observable_revisions,selected_vintage_asof_decision,strict_asof_then_release_gap_then_pre_vintage_then_proxy,Default direct ALFRED mapping.
14,0,IPDMAT,IPDMAT,IPDMAT,5,0,Y,direct_alfred,IPDMAT,[],,fixed,1,,same_month_end,observable_revisions,selected_vintage_asof_decision,strict_asof_then_release_gap_then_pre_vintage_then_proxy,Default direct ALFRED mapping.
15,0,IPNMAT,IPNMAT,IPNMAT,5,0,Y,direct_alfred,IPNMAT,[],,fixed,1,,same_month_end,observable_revisions,selected_vintage_asof_decision,strict_asof_then_release_gap_then_pre_vintage_then_proxy,Default direct ALFRED mapping.
16,0,IPMANSICS,IPMANSICS,IPMANSICS,5,0,Y,direct_alfred,IPMANSICS,[],,fixed,1,,same_month_end,observable_revisions,selected_vintage_asof_decision,strict_asof_then_release_gap_then_pre_vintage_then_proxy,Default direct ALFRED mapping.
17,0,IPB51222S,IPB51222S,IPB51222S,5,0,Y,direct_alfred,IPB51222S,[],,fixed,1,,same_month_end,observable_revisions,selected_vintage_asof_decision,strict_asof_then_release_gap_then_pre_vintage_then_proxy,Default direct ALFRED mapping.
18,0,IPFUELS,IPFUELS,IPFUELS,5,0,Y,direct_alfred,IPFUELS,[],,fixed,1,,same_month_end,observable_revisions,selected_vintage_asof_decision,strict_asof_then_release_gap_then_pre_vintage_then_proxy,Default direct ALFRED mapping.
19,0,CUMFNS,CUMFNS,CUMFNS,2,0,Y,direct_alfred,CUMFNS,[],,fixed,1,,same_month_end,observable_revisions,selected_vintage_asof_decision,strict_asof_then_release_gap_then_pre_vintage_then_proxy,Default direct ALFRED mapping.
20,0,HWI,HWI,HWI,2,0,Y,direct_alfred,JTSJOL,[],,fixed,2,,same_month_end,observable_revisions,selected_vintage_asof_decision,strict_asof_then_release_gap_then_pre_vintage_then_proxy,Alias mapping from series.md
21,0,HWIURATIO,HWIURATIO,HWIURATIO,2,0,N,derived_formula,,"[""JTSJOL"",""UNEMPLOY""]",JTSJOL / UNEMPLOY,fixed,2,,same_month_end,component_revisions,selected_vintage_asof_decision,strict_asof_then_release_gap_then_pre_vintage_then_proxy,Formula mapping from series.md
22,0,CLF16OV,CLF16OV,CLF16OV,5,0,Y,direct_alfred,CLF16OV,[],,fixed,1,,same_month_end,observable_revisions,selected_vintage_asof_decision,strict_asof_then_release_gap_then_pre_vintage_then_proxy,Default direct ALFRED mapping.
23,0,CE16OV,CE16OV,CE16OV,5,0,Y,direct_alfred,CE16OV,[],,fixed,1,,same_month_end,observable_revisions,selected_vintage_asof_decision,strict_asof_then_release_gap_then_pre_vintage_then_proxy,Default direct ALFRED mapping.
24,0,UNRATE,UNRATE,UNRATE,2,0,Y,direct_alfred,UNRATE,[],,fixed,1,,same_month_end,observable_revisions,selected_vintage_asof_decision,strict_asof_then_release_gap_then_pre_vintage_then_proxy,Default direct ALFRED mapping.
25,0,UEMPMEAN,UEMPMEAN,UEMPMEAN,2,0,Y,direct_alfred,UEMPMEAN,[],,fixed,1,,same_month_end,observable_revisions,selected_vintage_asof_decision,strict_asof_then_release_gap_then_pre_vintage_then_proxy,Default direct ALFRED mapping.
26,0,UEMPLT5,UEMPLT5,UEMPLT5,5,0,Y,direct_alfred,UEMPLT5,[],,fixed,1,,same_month_end,observable_revisions,selected_vintage_asof_decision,strict_asof_then_release_gap_then_pre_vintage_then_proxy,Default direct ALFRED mapping.
27,0,UEMP5TO14,UEMP5TO14,UEMP5TO14,5,0,Y,direct_alfred,UEMP5TO14,[],,fixed,1,,same_month_end,observable_revisions,selected_vintage_asof_decision,strict_asof_then_release_gap_then_pre_vintage_then_proxy,Default direct ALFRED mapping.
28,0,UEMP15OV,UEMP15OV,UEMP15OV,5,0,Y,direct_alfred,UEMP15OV,[],,fixed,1,,same_month_end,observable_revisions,selected_vintage_asof_decision,strict_asof_then_release_gap_then_pre_vintage_then_proxy,Default direct ALFRED mapping.
29,0,UEMP15T26,UEMP15T26,UEMP15T26,5,0,Y,direct_alfred,UEMP15T26,[],,fixed,1,,same_month_end,observable_revisions,selected_vintage_asof_decision,strict_asof_then_release_gap_then_pre_vintage_then_proxy,Default direct ALFRED mapping.
30,0,UEMP27OV,UEMP27OV,UEMP27OV,5,0,Y,direct_alfred,UEMP27OV,[],,fixed,1,,same_month_end,observable_revisions,selected_vintage_asof_decision,strict_asof_then_release_gap_then_pre_vintage_then_proxy,Default direct ALFRED mapping.
31,0,CLAIMSx,CLAIMSx,CLAIMSx,5,0,N,direct_fred,ICSA,[],,fixed,1,,same_month_end,observable_revisions,selected_vintage_asof_decision,strict_asof_then_release_gap_then_pre_vintage_then_proxy,Direct FRED mapping from series.md
32,0,PAYEMS,PAYEMS,PAYEMS,5,0,Y,direct_alfred,PAYEMS,[],,fixed,1,,same_month_end,observable_revisions,selected_vintage_asof_decision,strict_asof_then_release_gap_then_pre_vintage_then_proxy,Default direct ALFRED mapping.
33,0,USGOOD,USGOOD,USGOOD,5,0,Y,direct_alfred,USGOOD,[],,fixed,1,,same_month_end,observable_revisions,selected_vintage_asof_decision,strict_asof_then_release_gap_then_pre_vintage_then_proxy,Default direct ALFRED mapping.
34,0,CES1021000001,CES1021000001,CES1021000001,5,0,Y,direct_alfred,CES1021000001,[],,fixed,1,,same_month_end,observable_revisions,selected_vintage_asof_decision,strict_asof_then_release_gap_then_pre_vintage_then_proxy,Default direct ALFRED mapping.
35,0,USCONS,USCONS,USCONS,5,0,Y,direct_alfred,USCONS,[],,fixed,1,,same_month_end,observable_revisions,selected_vintage_asof_decision,strict_asof_then_release_gap_then_pre_vintage_then_proxy,Default direct ALFRED mapping.
36,0,MANEMP,MANEMP,MANEMP,5,0,Y,direct_alfred,MANEMP,[],,fixed,1,,same_month_end,observable_revisions,selected_vintage_asof_decision,strict_asof_then_release_gap_then_pre_vintage_then_proxy,Default direct ALFRED mapping.
37,0,DMANEMP,DMANEMP,DMANEMP,5,0,Y,direct_alfred,DMANEMP,[],,fixed,1,,same_month_end,observable_revisions,selected_vintage_asof_decision,strict_asof_then_release_gap_then_pre_vintage_then_proxy,Default direct ALFRED mapping.
38,0,NDMANEMP,NDMANEMP,NDMANEMP,5,0,Y,direct_alfred,NDMANEMP,[],,fixed,1,,same_month_end,observable_revisions,selected_vintage_asof_decision,strict_asof_then_release_gap_then_pre_vintage_then_proxy,Default direct ALFRED mapping.
39,0,SRVPRD,SRVPRD,SRVPRD,5,0,Y,direct_alfred,SRVPRD,[],,fixed,1,,same_month_end,observable_revisions,selected_vintage_asof_decision,strict_asof_then_release_gap_then_pre_vintage_then_proxy,Default direct ALFRED mapping.
40,0,USTPU,USTPU,USTPU,5,0,Y,direct_alfred,USTPU,[],,fixed,1,,same_month_end,observable_revisions,selected_vintage_asof_decision,strict_asof_then_release_gap_then_pre_vintage_then_proxy,Default direct ALFRED mapping.
41,0,USWTRADE,USWTRADE,USWTRADE,5,0,Y,direct_alfred,USWTRADE,[],,fixed,1,,same_month_end,observable_revisions,selected_vintage_asof_decision,strict_asof_then_release_gap_then_pre_vintage_then_proxy,Default direct ALFRED mapping.
42,0,USTRADE,USTRADE,USTRADE,5,0,Y,direct_alfred,USTRADE,[],,fixed,1,,same_month_end,observable_revisions,selected_vintage_asof_decision,strict_asof_then_release_gap_then_pre_vintage_then_proxy,Default direct ALFRED mapping.
43,0,USFIRE,USFIRE,USFIRE,5,0,Y,direct_alfred,USFIRE,[],,fixed,1,,same_month_end,observable_revisions,selected_vintage_asof_decision,strict_asof_then_release_gap_then_pre_vintage_then_proxy,Default direct ALFRED mapping.
44,0,USGOVT,USGOVT,USGOVT,5,0,Y,direct_alfred,USGOVT,[],,fixed,1,,same_month_end,observable_revisions,selected_vintage_asof_decision,strict_asof_then_release_gap_then_pre_vintage_then_proxy,Default direct ALFRED mapping.
45,0,CES0600000007,CES0600000007,CES0600000007,1,0,Y,direct_alfred,CES0600000007,[],,fixed,1,,same_month_end,observable_revisions,selected_vintage_asof_decision,strict_asof_then_release_gap_then_pre_vintage_then_proxy,Default direct ALFRED mapping.
46,0,AWOTMAN,AWOTMAN,AWOTMAN,2,0,Y,direct_alfred,AWOTMAN,[],,fixed,1,,same_month_end,observable_revisions,selected_vintage_asof_decision,strict_asof_then_release_gap_then_pre_vintage_then_proxy,Default direct ALFRED mapping.
47,0,AWHMAN,AWHMAN,AWHMAN,1,0,Y,direct_alfred,AWHMAN,[],,fixed,1,,same_month_end,observable_revisions,selected_vintage_asof_decision,strict_asof_then_release_gap_then_pre_vintage_then_proxy,Default direct ALFRED mapping.
48,0,HOUST,HOUST,HOUST,4,0,Y,direct_alfred,HOUST,[],,fixed,1,,same_month_end,observable_revisions,selected_vintage_asof_decision,strict_asof_then_release_gap_then_pre_vintage_then_proxy,Default direct ALFRED mapping.
49,0,HOUSTNE,HOUSTNE,HOUSTNE,4,0,Y,direct_alfred,HOUSTNE,[],,fixed,1,,same_month_end,observable_revisions,selected_vintage_asof_decision,strict_asof_then_release_gap_then_pre_vintage_then_proxy,Default direct ALFRED mapping.
50,0,HOUSTMW,HOUSTMW,HOUSTMW,4,0,Y,direct_alfred,HOUSTMW,[],,fixed,1,,same_month_end,observable_revisions,selected_vintage_asof_decision,strict_asof_then_release_gap_then_pre_vintage_then_proxy,Default direct ALFRED mapping.
51,0,HOUSTS,HOUSTS,HOUSTS,4,0,Y,direct_alfred,HOUSTS,[],,fixed,1,,same_month_end,observable_revisions,selected_vintage_asof_decision,strict_asof_then_release_gap_then_pre_vintage_then_proxy,Default direct ALFRED mapping.
52,0,HOUSTW,HOUSTW,HOUSTW,4,0,Y,direct_alfred,HOUSTW,[],,fixed,1,,same_month_end,observable_revisions,selected_vintage_asof_decision,strict_asof_then_release_gap_then_pre_vintage_then_proxy,Default direct ALFRED mapping.
53,0,PERMIT,PERMIT,PERMIT,4,0,Y,direct_alfred,PERMIT,[],,fixed,1,,same_month_end,observable_revisions,selected_vintage_asof_decision,strict_asof_then_release_gap_then_pre_vintage_then_proxy,Default direct ALFRED mapping.
54,0,PERMITNE,PERMITNE,PERMITNE,4,0,Y,direct_alfred,PERMITNE,[],,fixed,1,,same_month_end,observable_revisions,selected_vintage_asof_decision,strict_asof_then_release_gap_then_pre_vintage_then_proxy,Default direct ALFRED mapping.
55,0,PERMITMW,PERMITMW,PERMITMW,4,0,Y,direct_alfred,PERMITMW,[],,fixed,1,,same_month_end,observable_revisions,selected_vintage_asof_decision,strict_asof_then_release_gap_then_pre_vintage_then_proxy,Default direct ALFRED mapping.
56,0,PERMITS,PERMITS,PERMITS,4,0,Y,direct_alfred,PERMITS,[],,fixed,1,,same_month_end,observable_revisions,selected_vintage_asof_decision,strict_asof_then_release_gap_then_pre_vintage_then_proxy,Default direct ALFRED mapping.
57,0,PERMITW,PERMITW,PERMITW,4,0,Y,direct_alfred,PERMITW,[],,fixed,1,,same_month_end,observable_revisions,selected_vintage_asof_decision,strict_asof_then_release_gap_then_pre_vintage_then_proxy,Default direct ALFRED mapping.
58,0,ACOGNO,ACOGNO,ACOGNO,5,0,Y,direct_alfred,ACOGNO,[],,fixed,2,,same_month_end,observable_revisions,selected_vintage_asof_decision,strict_asof_then_release_gap_then_pre_vintage_then_proxy,Default direct ALFRED mapping.
59,0,AMDMNOx,AMDMNOx,AMDMNOx,5,0,Y,direct_alfred,DGORDER,[],,fixed,1,,same_month_end,observable_revisions,selected_vintage_asof_decision,strict_asof_then_release_gap_then_pre_vintage_then_proxy,Alias mapping from series.md
60,0,ANDENOx,ANDENOx,ANDENOx,5,0,Y,direct_alfred,ANDENO,[],,fixed,1,,same_month_end,observable_revisions,selected_vintage_asof_decision,strict_asof_then_release_gap_then_pre_vintage_then_proxy,Alias mapping from series.md
61,0,AMDMUOx,AMDMUOx,AMDMUOx,5,0,Y,direct_alfred,AMDMUO,[],,fixed,1,,same_month_end,observable_revisions,selected_vintage_asof_decision,strict_asof_then_release_gap_then_pre_vintage_then_proxy,Alias mapping from series.md
62,0,BUSINVx,BUSINVx,BUSINVx,5,0,Y,direct_alfred,BUSINV,[],,fixed,2,,same_month_end,observable_revisions,selected_vintage_asof_decision,strict_asof_then_release_gap_then_pre_vintage_then_proxy,Alias mapping from series.md
63,0,ISRATIOx,ISRATIOx,ISRATIOx,2,0,Y,direct_alfred,ISRATIO,[],,fixed,2,,same_month_end,observable_revisions,selected_vintage_asof_decision,strict_asof_then_release_gap_then_pre_vintage_then_proxy,Alias mapping from series.md
64,0,M1SL,M1SL,M1SL,6,0,Y,direct_alfred,M1SL,[],,fixed,1,,same_month_end,observable_revisions,selected_vintage_asof_decision,strict_asof_then_release_gap_then_pre_vintage_then_proxy,Default direct ALFRED mapping.
65,0,M2SL,M2SL,M2SL,6,0,Y,direct_alfred,M2SL,[],,fixed,1,,same_month_end,observable_revisions,selected_vintage_asof_decision,strict_asof_then_release_gap_then_pre_vintage_then_proxy,Default direct ALFRED mapping.
66,0,M2REAL,M2REAL,M2REAL,5,0,Y,direct_alfred,M2REAL,[],,fixed,1,,same_month_end,observable_revisions,selected_vintage_asof_decision,strict_asof_then_release_gap_then_pre_vintage_then_proxy,Default direct ALFRED mapping.
67,0,BOGMBASE,BOGMBASE,BOGMBASE,6,0,Y,direct_alfred,BOGMBASE,[],,fixed,1,,same_month_end,observable_revisions,selected_vintage_asof_decision,strict_asof_then_release_gap_then_pre_vintage_then_proxy,Default direct ALFRED mapping.
68,0,TOTRESNS,TOTRESNS,TOTRESNS,6,0,Y,direct_alfred,TOTRESNS,[],,fixed,1,,same_month_end,observable_revisions,selected_vintage_asof_decision,strict_asof_then_release_gap_then_pre_vintage_then_proxy,Default direct ALFRED mapping.
69,0,NONBORRES,NONBORRES,NONBORRES,7,0,Y,direct_alfred,NONBORRES,[],,fixed,2,,same_month_end,observable_revisions,selected_vintage_asof_decision,strict_asof_then_release_gap_then_pre_vintage_then_proxy,Default direct ALFRED mapping.
70,0,BUSLOANS,BUSLOANS,BUSLOANS,6,0,Y,direct_alfred,BUSLOANS,[],,fixed,1,,same_month_end,observable_revisions,selected_vintage_asof_decision,strict_asof_then_release_gap_then_pre_vintage_then_proxy,Default direct ALFRED mapping.
71,0,REALLN,REALLN,REALLN,6,0,Y,direct_alfred,REALLN,[],,fixed,1,,same_month_end,observable_revisions,selected_vintage_asof_decision,strict_asof_then_release_gap_then_pre_vintage_then_proxy,Default direct ALFRED mapping.
72,0,NONREVSL,NONREVSL,NONREVSL,6,0,Y,direct_alfred,NONREVSL,[],,fixed,3,,same_month_end,observable_revisions,selected_vintage_asof_decision,strict_asof_then_release_gap_then_pre_vintage_then_proxy,Default direct ALFRED mapping.
73,0,CONSPI,CONSPI,CONSPI,2,0,N,derived_formula,,"[""NONREVSL"",""PI""]",NONREVSL / PI,fixed,3,,same_month_end,component_revisions,selected_vintage_asof_decision,strict_asof_then_release_gap_then_pre_vintage_then_proxy,Formula mapping from series.md
74,0,S&P 500,S&P 500,S&P 500,5,0,Y,direct_alfred,SP500,[],,fixed,1,,same_month_end,observable_revisions,selected_vintage_asof_decision,strict_asof_then_release_gap_then_pre_vintage_then_proxy,Alias mapping from series.md
75,0,S&P div yield,S&P div yield,S&P div yield,2,0,N,public_proxy,,[],,decision_month_schedule,1,"{""1"":1,""2"":2,""3"":3,""4"":1,""5"":2,""6"":3,""7"":1,""8"":2,""9"":3,""10"":1,""11"":2,""12"":3}",same_month_end,public_proxy_only,selected_vintage_asof_decision,strict_asof_then_release_gap_then_pre_vintage_then_proxy,Local-only row from series.md
76,0,S&P PE ratio,S&P PE ratio,S&P PE ratio,5,0,N,public_proxy,,[],,decision_month_schedule,1,"{""1"":6,""2"":4,""3"":5,""4"":6,""5"":4,""6"":5,""7"":6,""8"":4,""9"":5,""10"":6,""11"":4,""12"":5}",same_month_end,public_proxy_only,selected_vintage_asof_decision,strict_asof_then_release_gap_then_pre_vintage_then_proxy,Local-only row from series.md
77,0,FEDFUNDS,FEDFUNDS,FEDFUNDS,2,0,Y,direct_alfred,FEDFUNDS,[],,fixed,1,,same_month_end,observable_revisions,selected_vintage_asof_decision,strict_asof_then_release_gap_then_pre_vintage_then_proxy,Default direct ALFRED mapping.
78,0,CP3Mx,CP3Mx,CP3Mx,2,0,Y,direct_alfred,CP3M,[],,fixed,1,,same_month_end,observable_revisions,selected_vintage_asof_decision,strict_asof_then_release_gap_then_pre_vintage_then_proxy,Alias mapping from series.md
79,0,TB3MS,TB3MS,TB3MS,2,0,Y,direct_alfred,TB3MS,[],,fixed,1,,same_month_end,observable_revisions,selected_vintage_asof_decision,strict_asof_then_release_gap_then_pre_vintage_then_proxy,Default direct ALFRED mapping.
80,0,TB6MS,TB6MS,TB6MS,2,0,Y,direct_alfred,TB6MS,[],,fixed,1,,same_month_end,observable_revisions,selected_vintage_asof_decision,strict_asof_then_release_gap_then_pre_vintage_then_proxy,Default direct ALFRED mapping.
81,0,GS1,GS1,GS1,2,0,Y,direct_alfred,GS1,[],,fixed,1,,same_month_end,market_effectively_nonrevised,selected_vintage_asof_decision,strict_asof_then_release_gap_then_pre_vintage_then_proxy,Default direct ALFRED mapping.
82,0,GS5,GS5,GS5,2,0,Y,direct_alfred,GS5,[],,fixed,1,,same_month_end,market_effectively_nonrevised,selected_vintage_asof_decision,strict_asof_then_release_gap_then_pre_vintage_then_proxy,Default direct ALFRED mapping.
83,0,GS10,GS10,GS10,2,0,Y,direct_alfred,GS10,[],,fixed,1,,same_month_end,market_effectively_nonrevised,selected_vintage_asof_decision,strict_asof_then_release_gap_then_pre_vintage_then_proxy,Default direct ALFRED mapping.
84,0,AAA,AAA,AAA,2,0,Y,direct_alfred,AAA,[],,fixed,1,,same_month_end,market_effectively_nonrevised,selected_vintage_asof_decision,strict_asof_then_release_gap_then_pre_vintage_then_proxy,Default direct ALFRED mapping.
85,0,BAA,BAA,BAA,2,0,Y,direct_alfred,BAA,[],,fixed,1,,same_month_end,market_effectively_nonrevised,selected_vintage_asof_decision,strict_asof_then_release_gap_then_pre_vintage_then_proxy,Default direct ALFRED mapping.
86,0,COMPAPFFx,COMPAPFFx,COMPAPFFx,1,0,Y,direct_alfred,CPFFM,[],,fixed,1,,same_month_end,observable_revisions,selected_vintage_asof_decision,strict_asof_then_release_gap_then_pre_vintage_then_proxy,Alias mapping from series.md
87,0,TB3SMFFM,TB3SMFFM,TB3SMFFM,1,0,Y,direct_alfred,TB3SMFFM,[],,fixed,1,,same_month_end,observable_revisions,selected_vintage_asof_decision,strict_asof_then_release_gap_then_pre_vintage_then_proxy,Default direct ALFRED mapping.
88,0,TB6SMFFM,TB6SMFFM,TB6SMFFM,1,0,Y,direct_alfred,TB6SMFFM,[],,fixed,1,,same_month_end,observable_revisions,selected_vintage_asof_decision,strict_asof_then_release_gap_then_pre_vintage_then_proxy,Default direct ALFRED mapping.
89,0,T1YFFM,T1YFFM,T1YFFM,1,0,Y,direct_alfred,T1YFFM,[],,fixed,1,,same_month_end,observable_revisions,selected_vintage_asof_decision,strict_asof_then_release_gap_then_pre_vintage_then_proxy,Default direct ALFRED mapping.
90,0,T5YFFM,T5YFFM,T5YFFM,1,0,Y,direct_alfred,T5YFFM,[],,fixed,1,,same_month_end,observable_revisions,selected_vintage_asof_decision,strict_asof_then_release_gap_then_pre_vintage_then_proxy,Default direct ALFRED mapping.
91,0,T10YFFM,T10YFFM,T10YFFM,1,0,Y,direct_alfred,T10YFFM,[],,fixed,1,,same_month_end,observable_revisions,selected_vintage_asof_decision,strict_asof_then_release_gap_then_pre_vintage_then_proxy,Default direct ALFRED mapping.
92,0,AAAFFM,AAAFFM,AAAFFM,1,0,Y,direct_alfred,AAAFFM,[],,fixed,1,,same_month_end,observable_revisions,selected_vintage_asof_decision,strict_asof_then_release_gap_then_pre_vintage_then_proxy,Default direct ALFRED mapping.
93,0,BAAFFM,BAAFFM,BAAFFM,1,0,Y,direct_alfred,BAAFFM,[],,fixed,1,,same_month_end,observable_revisions,selected_vintage_asof_decision,strict_asof_then_release_gap_then_pre_vintage_then_proxy,Default direct ALFRED mapping.
94,0,TWEXAFEGSMTHx,TWEXAFEGSMTHx,TWEXAFEGSMTHx,5,0,Y,direct_alfred,TWEXAFEGSMTH,[],,fixed,1,,same_month_end,observable_revisions,selected_vintage_asof_decision,strict_asof_then_release_gap_then_pre_vintage_then_proxy,Alias mapping from series.md
95,0,EXSZUSx,EXSZUSx,EXSZUSx,5,0,Y,direct_alfred,EXSZUS,[],,fixed,1,,same_month_end,market_effectively_nonrevised,selected_vintage_asof_decision,strict_asof_then_release_gap_then_pre_vintage_then_proxy,Alias mapping from series.md
96,0,EXJPUSx,EXJPUSx,EXJPUSx,5,0,Y,direct_alfred,EXJPUS,[],,fixed,1,,same_month_end,market_effectively_nonrevised,selected_vintage_asof_decision,strict_asof_then_release_gap_then_pre_vintage_then_proxy,Alias mapping from series.md
97,0,EXUSUKx,EXUSUKx,EXUSUKx,5,0,Y,direct_alfred,EXUSUK,[],,fixed,1,,same_month_end,market_effectively_nonrevised,selected_vintage_asof_decision,strict_asof_then_release_gap_then_pre_vintage_then_proxy,Alias mapping from series.md
98,0,EXCAUSx,EXCAUSx,EXCAUSx,5,0,Y,direct_alfred,EXCAUS,[],,fixed,1,,same_month_end,market_effectively_nonrevised,selected_vintage_asof_decision,strict_asof_then_release_gap_then_pre_vintage_then_proxy,Alias mapping from series.md
99,0,WPSFD49207,WPSFD49207,WPSFD49207,6,0,Y,direct_alfred,WPSFD49207,[],,fixed,1,,same_month_end,observable_revisions,selected_vintage_asof_decision,strict_asof_then_release_gap_then_pre_vintage_then_proxy,Default direct ALFRED mapping.
100,0,WPSFD49502,WPSFD49502,WPSFD49502,6,0,Y,direct_alfred,WPSFD49502,[],,fixed,1,,same_month_end,observable_revisions,selected_vintage_asof_decision,strict_asof_then_release_gap_then_pre_vintage_then_proxy,Default direct ALFRED mapping.
101,0,WPSID61,WPSID61,WPSID61,6,0,Y,direct_alfred,WPSID61,[],,fixed,1,,same_month_end,observable_revisions,selected_vintage_asof_decision,strict_asof_then_release_gap_then_pre_vintage_then_proxy,Default direct ALFRED mapping.
102,0,WPSID62,WPSID62,WPSID62,6,0,Y,direct_alfred,WPSID62,[],,fixed,1,,same_month_end,observable_revisions,selected_vintage_asof_decision,strict_asof_then_release_gap_then_pre_vintage_then_proxy,Default direct ALFRED mapping.
103,0,OILPRICEx,OILPRICEx,OILPRICEx,6,0,Y,direct_alfred,OILPRICE,[],,fixed,1,,same_month_end,observable_revisions,selected_vintage_asof_decision,strict_asof_then_release_gap_then_pre_vintage_then_proxy,Alias mapping from series.md
104,0,PPICMM,PPICMM,PPICMM,6,0,Y,direct_alfred,PPICMM,[],,fixed,1,,same_month_end,observable_revisions,selected_vintage_asof_decision,strict_asof_then_release_gap_then_pre_vintage_then_proxy,Default direct ALFRED mapping.
105,0,CPIAUCSL,CPIAUCSL,CPIAUCSL,6,0,Y,direct_alfred,CPIAUCSL,[],,fixed,1,,same_month_end,observable_revisions,selected_vintage_asof_decision,strict_asof_then_release_gap_then_pre_vintage_then_proxy,Default direct ALFRED mapping.
106,0,CPIAPPSL,CPIAPPSL,CPIAPPSL,6,0,Y,direct_alfred,CPIAPPSL,[],,fixed,1,,same_month_end,observable_revisions,selected_vintage_asof_decision,strict_asof_then_release_gap_then_pre_vintage_then_proxy,Default direct ALFRED mapping.
107,0,CPITRNSL,CPITRNSL,CPITRNSL,6,0,Y,direct_alfred,CPITRNSL,[],,fixed,1,,same_month_end,observable_revisions,selected_vintage_asof_decision,strict_asof_then_release_gap_then_pre_vintage_then_proxy,Default direct ALFRED mapping.
108,0,CPIMEDSL,CPIMEDSL,CPIMEDSL,6,0,Y,direct_alfred,CPIMEDSL,[],,fixed,1,,same_month_end,observable_revisions,selected_vintage_asof_decision,strict_asof_then_release_gap_then_pre_vintage_then_proxy,Default direct ALFRED mapping.
109,0,CUSR0000SAC,CUSR0000SAC,CUSR0000SAC,6,0,Y,direct_alfred,CUSR0000SAC,[],,fixed,1,,same_month_end,observable_revisions,selected_vintage_asof_decision,strict_asof_then_release_gap_then_pre_vintage_then_proxy,Default direct ALFRED mapping.
110,0,CUSR0000SAD,CUSR0000SAD,CUSR0000SAD,6,0,Y,direct_alfred,CUSR0000SAD,[],,fixed,1,,same_month_end,observable_revisions,selected_vintage_asof_decision,strict_asof_then_release_gap_then_pre_vintage_then_proxy,Default direct ALFRED mapping.
111,0,CUSR0000SAS,CUSR0000SAS,CUSR0000SAS,6,0,Y,direct_alfred,CUSR0000SAS,[],,fixed,1,,same_month_end,observable_revisions,selected_vintage_asof_decision,strict_asof_then_release_gap_then_pre_vintage_then_proxy,Default direct ALFRED mapping.
112,0,CPIULFSL,CPIULFSL,CPIULFSL,6,0,Y,direct_alfred,CPIULFSL,[],,fixed,1,,same_month_end,observable_revisions,selected_vintage_asof_decision,strict_asof_then_release_gap_then_pre_vintage_then_proxy,Default direct ALFRED mapping.
113,0,CUSR0000SA0L2,CUSR0000SA0L2,CUSR0000SA0L2,6,0,Y,direct_alfred,CUSR0000SA0L2,[],,fixed,1,,same_month_end,observable_revisions,selected_vintage_asof_decision,strict_asof_then_release_gap_then_pre_vintage_then_proxy,Default direct ALFRED mapping.
114,0,CUSR0000SA0L5,CUSR0000SA0L5,CUSR0000SA0L5,6,0,Y,direct_alfred,CUSR0000SA0L5,[],,fixed,1,,same_month_end,observable_revisions,selected_vintage_asof_decision,strict_asof_then_release_gap_then_pre_vintage_then_proxy,Default direct ALFRED mapping.
115,0,PCEPI,PCEPI,PCEPI,6,0,Y,direct_alfred,PCEPI,[],,fixed,2,,same_month_end,observable_revisions,selected_vintage_asof_decision,strict_asof_then_release_gap_then_pre_vintage_then_proxy,Default direct ALFRED mapping.
116,0,DDURRG3M086SBEA,DDURRG3M086SBEA,DDURRG3M086SBEA,6,0,Y,direct_alfred,DDURRG3M086SBEA,[],,fixed,2,,same_month_end,observable_revisions,selected_vintage_asof_decision,strict_asof_then_release_gap_then_pre_vintage_then_proxy,Default direct ALFRED mapping.
117,0,DNDGRG3M086SBEA,DNDGRG3M086SBEA,DNDGRG3M086SBEA,6,0,Y,direct_alfred,DNDGRG3M086SBEA,[],,fixed,2,,same_month_end,observable_revisions,selected_vintage_asof_decision,strict_asof_then_release_gap_then_pre_vintage_then_proxy,Default direct ALFRED mapping.
118,0,DSERRG3M086SBEA,DSERRG3M086SBEA,DSERRG3M086SBEA,6,0,Y,direct_alfred,DSERRG3M086SBEA,[],,fixed,2,,same_month_end,observable_revisions,selected_vintage_asof_decision,strict_asof_then_release_gap_then_pre_vintage_then_proxy,Default direct ALFRED mapping.
119,0,CES0600000008,CES0600000008,CES0600000008,6,0,Y,direct_alfred,CES0600000008,[],,fixed,1,,same_month_end,observable_revisions,selected_vintage_asof_decision,strict_asof_then_release_gap_then_pre_vintage_then_proxy,Default direct ALFRED mapping.
120,0,CES2000000008,CES2000000008,CES2000000008,6,0,Y,direct_alfred,CES2000000008,[],,fixed,1,,same_month_end,observable_revisions,selected_vintage_asof_decision,strict_asof_then_release_gap_then_pre_vintage_then_proxy,Default direct ALFRED mapping.
121,0,CES3000000008,CES3000000008,CES3000000008,6,0,Y,direct_alfred,CES3000000008,[],,fixed,1,,same_month_end,observable_revisions,selected_vintage_asof_decision,strict_asof_then_release_gap_then_pre_vintage_then_proxy,Default direct ALFRED mapping.
122,0,UMCSENTx,UMCSENTx,UMCSENTx,2,0,Y,direct_alfred,UMCSENT,[],,fixed,1,,same_month_end,observable_revisions,selected_vintage_asof_decision,strict_asof_then_release_gap_then_pre_vintage_then_proxy,Alias mapping from series.md
123,0,DTCOLNVHFNM,DTCOLNVHFNM,DTCOLNVHFNM,6,0,Y,direct_alfred,DTCOLNVHFNM,[],,fixed,2,,same_month_end,observable_revisions,selected_vintage_asof_decision,strict_asof_then_release_gap_then_pre_vintage_then_proxy,Default direct ALFRED mapping.
124,0,DTCTHFNM,DTCTHFNM,DTCTHFNM,6,0,Y,direct_alfred,DTCTHFNM,[],,fixed,2,,same_month_end,observable_revisions,selected_vintage_asof_decision,strict_asof_then_release_gap_then_pre_vintage_then_proxy,Default direct ALFRED mapping.
125,0,INVEST,INVEST,INVEST,6,0,Y,direct_alfred,INVEST,[],,fixed,1,,same_month_end,observable_revisions,selected_vintage_asof_decision,strict_asof_then_release_gap_then_pre_vintage_then_proxy,Default direct ALFRED mapping.
126,0,VIXCLSx,VIXCLSx,VIXCLSx,1,0,Y,direct_alfred,VIXCLS,[],,fixed,1,,same_month_end,observable_revisions,selected_vintage_asof_decision,strict_asof_then_release_gap_then_pre_vintage_then_proxy,Alias mapping from series.md
